<?xml version="1.0" encoding="UTF-8"?>
<updates>
    <update>
        <name>VM Payment - GercPay Payment Gateway</name>
        <description>GercPay Payment Gateway for VirtueMart</description>
        <type>plugin</type>
        <element>gercpay</element>
        <folder>vmpayment</folder>
        <client>0</client>
        <version>1.0.0</version>
        <infourl title="GercPay">https://gercpay.com.ua</infourl>
        <downloads>
            <downloadurl type="full" format="zip">https://github.com/webdevconcord/joomla-virtuemart/raw/master/package/plg_vmpayment_gercpay_1.0.0.zip</downloadurl>
        </downloads>
        <tags>
            <tag>stable</tag>
        </tags>
        <maintainer>GercPay</maintainer>
        <maintainerurl>https://gercpay.com.ua</maintainerurl>
        <section>Updates</section>
        <targetplatform name="joomla" version="3.[0123456789]"/>
    </update>
</updates>